-- 練習問題用データベース作成
CREATE DATABASE IF NOT EXISTS exercise;
USE exercise;

-- テーブル: 家計簿
CREATE TABLE IF NOT EXISTS 家計簿 (
    日付 DATE NOT NULL,
    費目 VARCHAR(20) NOT NULL,
    メモ VARCHAR(100),
    入金額 INTEGER,
    出金額 INTEGER
);

-- テーブル: 都道府県
CREATE TABLE IF NOT EXISTS 都道府県 (
    コード CHAR(2) PRIMARY KEY,
    地域 VARCHAR(10),
    都道府県名 VARCHAR(10),
    県庁所在地 VARCHAR(20),
    面積 INTEGER
);

-- テーブル: 気象観測
CREATE TABLE IF NOT EXISTS 気象観測 (
    月 INTEGER,
    降水量 INTEGER,
    最高気温 INTEGER,
    最低気温 INTEGER,
    湿度 INTEGER
);

-- テーブル: 成績表
CREATE TABLE IF NOT EXISTS 成績表 (
    学籍番号 CHAR(4) PRIMARY KEY,
    学生名 VARCHAR(20),
    法学 INTEGER,
    経済学 INTEGER,
    哲学 INTEGER,
    情報理論 INTEGER,
    外国語 INTEGER,
    総合成績 CHAR(1)
);

-- テーブル: 注文履歴
CREATE TABLE IF NOT EXISTS 注文履歴 (
    日付 DATE NOT NULL,
    注文番号 VARCHAR(10) NOT NULL,
    注文枝番 INTEGER NOT NULL,
    商品番号 VARCHAR(40) NOT NULL,
    分類 CHAR(1) NOT NULL,
    サイズ CHAR(1) NOT NULL,
    単価 INTEGER NOT NULL,
    数量 INTEGER NOT NULL,
    注文金額 INTEGER NOT NULL
);

-- テーブル: 自然数
CREATE TABLE IF NOT EXISTS 自然数 (
    値 INTEGER
);

-- テーブル: 整数
CREATE TABLE IF NOT EXISTS 整数 (
    値 INTEGER
);

-- テーブル: 奇数
CREATE TABLE IF NOT EXISTS 奇数 (
    値 INTEGER
);

-- テーブル: 偶数
CREATE TABLE IF NOT EXISTS 偶数 (
    値 INTEGER
);

-- テーブル: 試験結果
CREATE TABLE IF NOT EXISTS 試験結果 (
    受験者ID VARCHAR(6) NOT NULL,
    午前 INTEGER,
    午後1 INTEGER,
    午後2 INTEGER,
    論述 INTEGER,
    平均点 INTEGER
);

-- テーブル: 回答者
CREATE TABLE IF NOT EXISTS 回答者 (
    メールアドレス CHAR(30) NOT NULL,
    国名 CHAR(20),
    住居 CHAR(100),
    年齢 INTEGER
);

-- テーブル: 受注
CREATE TABLE IF NOT EXISTS 受注 (
    受注日 DATE NOT NULL,
    受注ID VARCHAR(10) NOT NULL,
    文字 VARCHAR(100),
    文字数 INTEGER,
    書体コード VARCHAR(10)
);

-- テーブル: 都市別気象観測
CREATE TABLE IF NOT EXISTS 都市別気象観測 (
    都市名 VARCHAR(20) NOT NULL,
    月 INTEGER NOT NULL,
    降水量 INTEGER,
    最高気温 INTEGER,
    最低気温 INTEGER
);

-- テーブル: 入退室管理
CREATE TABLE IF NOT EXISTS 入退室管理 (
    日付 DATE NOT NULL,
    退室 CHAR(1),
    社員名 VARCHAR(20) NOT NULL,
    事由区分 CHAR(1)
);

-- テーブル: 個体識別
CREATE TABLE IF NOT EXISTS 個体識別 (
    個体識別番号 CHAR(4) NOT NULL,
    出生日 DATE,
    雌雄コード CHAR(1),
    母牛番号 CHAR(4),
    品種コード CHAR(2),
    飼育県 VARCHAR(10)
);

-- テーブル: 頭数集計
CREATE TABLE IF NOT EXISTS 頭数集計 (
    飼育県 VARCHAR(10),
    頭数 INTEGER
);

-- テーブル: 部署
CREATE TABLE IF NOT EXISTS 部署 (
    部署ID INTEGER NOT NULL,
    名前 VARCHAR(40) NOT NULL,
    本拠点ID INTEGER NOT NULL
);

-- テーブル: 支店
CREATE TABLE IF NOT EXISTS 支店 (
    支店ID INTEGER NOT NULL,
    名前 VARCHAR(40) NOT NULL,
    支店長ID CHAR(8) NOT NULL
);

-- テーブル: 社員
CREATE TABLE IF NOT EXISTS 社員 (
    社員番号 CHAR(8) NOT NULL,
    名前 VARCHAR(40) NOT NULL,
    生年月日 DATE NOT NULL,
    部署ID INTEGER NOT NULL,
    上司ID CHAR(8),
    勤務地ID INTEGER NOT NULL
);

-- テーブル: 学部
CREATE TABLE IF NOT EXISTS 学部 (
    ID CHAR(2) PRIMARY KEY,
    名前 VARCHAR(20) NOT NULL,
    備考 VARCHAR(100)
);

-- テーブル: 学生
CREATE TABLE IF NOT EXISTS 学生 (
    学籍番号 CHAR(8) PRIMARY KEY,
    name VARCHAR(30) NOT NULL,
    生年月日 DATE,
    血液型 CHAR(2),
    学部ID CHAR(1),
    FOREIGN KEY (学部ID) REFERENCES 学部(ID)
);

-- 初期化（テーブルのデータを削除）
SET FOREIGN_KEY_CHECKS = 0; -- 外部キー制約を一時無効化

TRUNCATE TABLE 家計簿;
TRUNCATE TABLE 都道府県;
TRUNCATE TABLE 気象観測;
TRUNCATE TABLE 成績表;
TRUNCATE TABLE 自然数;
TRUNCATE TABLE 整数;
TRUNCATE TABLE 奇数;
TRUNCATE TABLE 偶数;
TRUNCATE TABLE 試験結果;
TRUNCATE TABLE 回答者;
TRUNCATE TABLE 受注;
TRUNCATE TABLE 都市別気象観測;
TRUNCATE TABLE 入退室管理;
TRUNCATE TABLE 個体識別;
TRUNCATE TABLE 頭数集計;
TRUNCATE TABLE 部署;
TRUNCATE TABLE 支店;
TRUNCATE TABLE 社員;
TRUNCATE TABLE 学部;
TRUNCATE TABLE 学生;

SET FOREIGN_KEY_CHECKS = 1; -- 外部キー制約を再有効化

-- データ挿入: 家計簿
INSERT INTO 家計簿 (日付, 費目, メモ, 入金額, 出金額) VALUES
('2024-02-03', '食費', 'コーヒーを購入', 0, 380),
('2024-02-10', '給料', '1月の給料', 280000, 0),
('2024-02-11', '教養娯楽費', '書籍を購入', 0, 2800),
('2024-02-14', '交際費', '同期会の会費', 0, 5000),
('2024-02-18', '水道光熱費', '1月の電気代', 0, 7560);

-- データ挿入: 都道府県
INSERT INTO 都道府県 (コード, 地域, 都道府県名, 県庁所在地, 面積) VALUES
('01', '北海道', '北海道', '札幌', 83456),
('05', '東北', '秋田', '秋田', 11612),
('13', '関東', '東京', '新宿', 2187),
('16', '北陸', '富山', '富山', 4247),
('20', '甲信', '長野', '長野', 13562),
('21', '東海', '岐阜', '岐阜', 10621),
('34', '中国', '広島', '広島', 8478);

-- データ挿入: 気象観測
INSERT INTO 気象観測 (月, 降水量, 最高気温, 最低気温, 湿度) VALUES
(1, 31, 11, -1, 43),
(2, 115, 13, -3, 49),
(3, 142, 20, -1, 59),
(4, 118, 30, 1, 63),
(5, 44, 30, 6, 65),
(6, 236, 32, 16, 73),
(7, 333, 37, 18, 75),
(8, 100, 37, 21, 69),
(9, 140, 34, 17, NULL),
(10, 88, 28, 8, 65),
(11, 120, 19, 2, 58),
(12, 44, 14, -2, 50);

-- データ挿入: 成績表
INSERT INTO 成績表 (学籍番号, 学生名, 法学, 経済学, 哲学, 情報理論, 外国語, 総合成績) VALUES
('S002', '織田　信忠', 49, 45, 43, 42, 40, NULL),
('A003', '豊臣　秀頼', 45, 55, 95, 75, 85, NULL),
('E004', '徳川　秀忠', 90, 40, 50, 60, 30, NULL);

-- データ挿入: 注文履歴
INSERT INTO 注文履歴 (日付, 注文番号, 注文枝番, 商品番号, 分類, サイズ, 単価, 数量, 注文金額) VALUES
('2024-01-01', '101', 1, 'ブレンドコーヒー', '1', 'S', 210, 1, 210),
('2024-01-01', '101', 2, 'サンドイッチA', '2', 'X', 360, 1, 360),
('2024-01-05', '105', 1, 'カフェラテ', '1', 'M', 380, 2, 760),
('2024-01-05', '106', 1, '抹茶ラテ', '1', 'S', 370, 1, 370),
('2024-01-05', '110', 1, 'アイスコーヒー', '1', 'M', 280, 3, 840),
('2024-01-06', '112', 1, 'サンドイッチB', '2', 'X', 350, 1, 350),
('2024-01-06', '113', 2, 'ベーグルサンド', '2', 'X', 420, 2, 840),
('2024-01-03', '103', 1, 'トートバッグ', '3', 'X', 1500, 3, 4500),
('2024-01-03', '104', 1, 'ニューイヤービーンズ', '3', 'X', 650, 2, 1300),
('2024-01-08', '120', 1, 'タンブラー', '3', 'X', 800, 1, 800),
('2024-01-08', '121', 1, 'マグカップ', '3', 'X', 900, 2, 1800);

-- データ挿入: 自然数
INSERT INTO 自然数 (値) VALUES
(1),
(2),
(3),
(4),
(5),
(6),
(7),
(8),
(9),
(10);

-- データ挿入: 整数
INSERT INTO 整数 (値) VALUES
(-10),
(-9),
(-8),
(-7),
(-6),
(-5),
(-4),
(-3),
(-2),
(-1),
(0),
(1),
(2),
(3),
(4),
(5),
(6),
(7),
(8),
(9),
(10);

-- データ挿入: 奇数
INSERT INTO 奇数 (値) VALUES
(-9),
(-7),
(-5),
(-3),
(-1),
(1),
(3),
(5),
(7),
(9);

-- データ挿入: 偶数
INSERT INTO 偶数 (値) VALUES
(-10),
(-8),
(-6),
(-4),
(-2),
(0),
(2),
(4),
(6),
(8),
(10);

-- データ挿入: 試験結果
INSERT INTO 試験結果 (受験者ID, 午前, 午後1, 午後2, 論述, 平均点) VALUES
('SW1046', 86, NULL, 68, 91, 80),
('SW1350', 65, 53, 70, NULL, 68),
('SW1877', NULL, 59, 56, 36, 56);

-- データ挿入: 回答者
INSERT INTO 回答者 (メールアドレス, 国名, 住居, 年齢) VALUES
('suzuki.takashi@example.jp', NULL, 'D', 51),
('philip@example.uk', NULL, 'C', 26),
('hao@example.cn', NULL, 'C', 35),
('marie@example.fr', NULL, 'D', 43),
('hoa@example.vn', NULL, 'D', 22);

-- データ挿入: 受注
INSERT INTO 受注 (受注日, 受注ID, 文字, 文字数, 書体コード) VALUES
('2023-12-05', '101', 'Satou', NULL, 2),
('2023-12-05', '102', '鈴木 一郎', NULL, 3),
('2023-12-05', '113', '横浜 BASEBALL CLUB', NULL, 1),
('2023-12-08', '140', 'N.R.', NULL, NULL);

-- データ挿入: 都市別気象観測
INSERT INTO 都市別気象観測 (都市名, 月, 降水量, 最高気温, 最低気温) VALUES
('稚内', 1, 79, 1, -13),
('稚内', 2, 76, 3, -12),
('稚内', 3, 52, 7, -10),
('稚内', 4, 43, 17, -5),
('稚内', 5, 64, 19, 2),
('稚内', 6, 23, 25, 5),
('稚内', 7, 107, 25, 11),
('稚内', 8, 129, 29, 14),
('稚内', 9, 169, 27, 12),
('稚内', 10, 110, 19, 4),
('稚内', 11, 157, 12, -4),
('稚内', 12, 127, 5, -11),
('熊谷', 1, 31, 12, -6),
('熊谷', 2, 37, 15, -5),
('熊谷', 3, 80, 20, -1),
('熊谷', 4, 92, 28, 0),
('熊谷', 5, 230, 29, 9),
('熊谷', 6, 168, 32, 14),
('熊谷', 7, 96, 38, 16),
('熊谷', 8, 24, 37, 21),
('熊谷', 9, 179, 35, 15),
('熊谷', 10, 68, 32, 6),
('熊谷', 11, 53, 22, 0),
('熊谷', 12, 45, 17, -4),
('東京', 1, 50, 11, -1),
('東京', 2, 94, 15, -1),
('東京', 3, 144, 19, 2),
('東京', 4, 118, 26, 5),
('東京', 5, 231, 27, 11),
('東京', 6, 185, 30, 15),
('東京', 7, 130, 35, 17),
('東京', 8, 25, 35, 22),
('東京', 9, 214, 33, 18),
('東京', 10, 154, 31, 11),
('東京', 11, 154, 21, 4),
('東京', 12, 25, 18, 0),
('奈良', 1, 40, 11, -4),
('奈良', 2, 109, 12, -5),
('奈良', 3, 180, 22, -2),
('奈良', 4, 87, 29, -1),
('奈良', 5, 37, 30, 4),
('奈良', 6, 257, 31, 14),
('奈良', 7, 156, 36, 17),
('奈良', 8, 170, 36, 19),
('奈良', 9, 289, 33, 15),
('奈良', 10, 93, 27, 6),
('奈良', 11, 90, 20, 0),
('奈良', 12, 54, 15, -2),
('博多', 1, 23, 14, -2),
('博多', 2, 139, 15, -3),
('博多', 3, 122, 22, -1),
('博多', 4, 62, 26, 4),
('博多', 5, 38, 28, 11),
('博多', 6, 291, 32, 16),
('博多', 7, 458, 35, 18),
('博多', 8, 183, 36, 21),
('博多', 9, 102, 31, 14),
('博多', 10, 40, 27, 9),
('博多', 11, 101, 21, 2),
('博多', 12, 88, 19, 1);

-- データ挿入: 入退室管理
INSERT INTO 入退室管理 (日付, 退室, 社員名, 事由区分) VALUES
('2022-01-31', '1', '菅原', '1'),
('2022-02-01', '1', '菅原', '1'),
('2022-02-02', '1', '湊', '2'),
('2022-02-05', '1', '朝香', '3'),
('2022-02-05', '1', '菅原', '3'),
('2022-02-08', '1', '湊', '9'),
('2022-02-09', '1', '菅原', '1'),
('2022-02-10', '1', '菅原', '1'),
('2022-02-11', '1', '菅原', '1'),
('2022-02-12', '1', '菅原', '1'),
('2022-02-13', '1', '菅原', '3'),
('2022-02-13', '1', '湊', '3'),
('2022-02-13', '1', '朝香', '3'),
('2022-02-14', '1', '菅原', '1'),
('2022-02-15', '1', '菅原', '1'),
('2022-02-16', '1', '菅原', '1'),
('2022-02-17', '1', '朝香', '3'),
('2022-02-18', '1', '菅原', '3'),
('2022-02-19', '1', '湊', '9'),
('2022-02-20', NULL, '湊', '9'),
('2022-02-20', NULL, '朝香', '9');

-- データ挿入: 個体識別
INSERT INTO 個体識別 (個体識別番号, 出生日, 雌雄コード, 母牛番号, 品種コード, 飼育県) VALUES
('1211', '2015-04-01', '2', '1814', '01', '千葉県'),
('4530', '2016-05-15', '2', '2072', '02', '群馬県'),
('2237', '2017-06-30', '1', '3056', '03', '千葉県'),
('8105', '2017-11-29', '1', '1211', '02', '北海道'),
('1097', '2018-01-04', '2', '1211', '01', '北海道'),
('6417', '2018-01-15', '2', '4530', '01', '岩手県'),
('5014', '2018-01-16', '1', '7710', '02', '北海道'),
('5513', '2018-01-17', '2', '7104', '01', '北海道'),
('1164', '2018-01-18', '1', '7340', '02', '千葉県'),
('2150', '2020-10-23', '1', '3335', '01', '岩手県');

-- データ挿入: 部署
INSERT INTO 部署 (部署ID, 名前, 本拠点ID) VALUES
(1, '経営企画部', 12),
(2, '法務部', 12),
(3, '経理部', 12),
(4, '総務部', 12),
(5, '開発部', 1);

-- データ挿入: 支店
INSERT INTO 支店 (支店ID, 名前, 支店長ID) VALUES
(12, '東京', '12459040'),
(24, '京都', '31005782');

-- データ挿入: 社員
INSERT INTO 社員 (社員番号, 名前, 生年月日, 部署ID, 上司ID, 勤務地ID) VALUES
('21000021', '菅原拓真', '1993-09-01', 5, '12459040', 12),
('12459040', '宇多田定一', '1979-01-01', 5, NULL, 12),
('61381041', '大江岳人', '1994-09-23', 5, '31005782', 12),
('31005782', '綾小路紘子', '1987-02-05', 5, NULL, 24);







-- ドリル用データベース作成
CREATE DATABASE IF NOT EXISTS drill;
USE drill;

-- テーブル: 口座
CREATE TABLE IF NOT EXISTS 口座 (
    口座番号 CHAR(7) PRIMARY KEY,
    名義 VARCHAR(40) NOT NULL,
    種別 CHAR(1) NOT NULL,
    残高 INTEGER NOT NULL,
    更新日 DATE
);
-- テーブル: 廃止口座
CREATE TABLE IF NOT EXISTS 廃止口座 (
    口座番号 CHAR(7) PRIMARY KEY,
    名義 VARCHAR(40) NOT NULL,
    種別 CHAR(1) NOT NULL,
    解約時残高 INTEGER NOT NULL,
    解約日 DATE
);
-- テーブル: 取引事由
CREATE TABLE IF NOT EXISTS 取引事由 (
    取引事由ID INTEGER PRIMARY KEY,
    取引事由 VARCHAR(20) NOT NULL
);
-- テーブル: 取引
CREATE TABLE IF NOT EXISTS 取引 (
    取引番号 INTEGER PRIMARY KEY,
    取引事由ID INTEGER,
    日付 DATE NOT NULL,
    口座番号 CHAR(7) NOT NULL,
    入金額 INTEGER,
    出金額 INTEGER,
    FOREIGN KEY (取引事由ID) REFERENCES 取引事由(取引事由ID)
);
-- テーブル: 商品
CREATE TABLE IF NOT EXISTS 商品 (
    商品コード CHAR(5) PRIMARY KEY,
    商品名 VARCHAR(50) NOT NULL,
    単価 INTEGER NOT NULL,
    商品区分 CHAR(1) NOT NULL,
    関連商品コード CHAR(5)
);
-- テーブル: 廃番商品
CREATE TABLE IF NOT EXISTS 廃番商品 (
    商品コード CHAR(5) PRIMARY KEY,
    商品名 VARCHAR(50) NOT NULL,
    単価 INTEGER NOT NULL,
    商品区分 CHAR(1) NOT NULL,
    廃番日 DATE NOT NULL,
    売上個数 INTEGER NOT NULL
);
-- テーブル: 注文
CREATE TABLE IF NOT EXISTS 注文 (
    注文日 DATE,
    注文番号 CHAR(12),
    注文枝番 INTEGER,
    商品コード CHAR(5) NOT NULL,
    数量 INTEGER NOT NULL,
    クーポン割引料 INTEGER,
    PRIMARY KEY (注文日, 注文番号, 注文枝番)
);
-- テーブル: イベントテーブル
CREATE TABLE IF NOT EXISTS イベントテーブル (
    イベント番号 INTEGER PRIMARY KEY,
    イベント名称 VARCHAR(50) NOT NULL,
    タイプ CHAR(1) NOT NULL,
    前提イベント番号 INTEGER,
    後続イベント番号 INTEGER
);
-- テーブル: コード
CREATE TABLE IF NOT EXISTS コード (
    コード種別 INTEGER,
    コード値 CHAR(2),
    コード名称 VARCHAR(100),
    PRIMARY KEY (コード種別, コード値)
);
-- テーブル: パーティー
CREATE TABLE IF NOT EXISTS パーティー (
    ID CHAR(3) PRIMARY KEY,
    名称 VARCHAR(20) NOT NULL,
    職業コード CHAR(2) NOT NULL,
    HP INTEGER NOT NULL,
    MP INTEGER NOT NULL,
    状態コード CHAR(2) NOT NULL
);
-- テーブル: 経験イベント
CREATE TABLE IF NOT EXISTS 経験イベント (
    イベント番号 INTEGER PRIMARY KEY,
    クリア区分 CHAR(1) NOT NULL,
    クリア結果 CHAR(1),
    ルート番号 INTEGER
);

-- 初期化（テーブルのデータを削除）
SET FOREIGN_KEY_CHECKS = 0; -- 外部キー制約を一時無効化

TRUNCATE TABLE 口座;
TRUNCATE TABLE 廃止口座;
TRUNCATE TABLE 取引;
TRUNCATE TABLE 取引事由;
TRUNCATE TABLE 商品;
TRUNCATE TABLE 廃番商品;
TRUNCATE TABLE 注文;
TRUNCATE TABLE パーティー;
TRUNCATE TABLE イベントテーブル;
TRUNCATE TABLE 経験イベント;
TRUNCATE TABLE コード;

SET FOREIGN_KEY_CHECKS = 1; -- 外部キー制約を再有効化

-- INSERT INTO 口座
INSERT INTO 口座 (口座番号, 名義, 種別, 残高, 更新日) VALUES
('0037651', 'キタムラ　ユウコ', '1', 1341107, '2024-01-03'),
('0100807', 'アキタ　サトル', '3', 10000, '2022-11-30'),
('0311240', 'キムラ　タエ', '1', 63409, '2024-03-20'),
('0351333', 'アイダ　ミユ', '1', 367911, '2024-01-06'),
('0671412', 'タムラ　タカシ', '1', 678044, NULL),
('0887132', 'スギノ　ノリヨ', '1', 3491000, '2024-03-11'),
('0976410', 'タムラ　タカシ', '1', 9803, '2022-08-30'),
('1016840', 'オカダ　トシロウ', '2', 0, '2023-11-13'),
('1017119', 'ソネ　タツヤ', '1', 265000, '2023-11-26'),
('1046990', 'ツヅキ　ジュンヤ', '1', 378911, '2022-03-01'),
('1106405', 'センカワ　シゲル', '2', 5310840, '2024-03-24'),
('1115600', 'カガ　アキヨ', '1', 500000, '2023-12-28'),
('1170894', 'タムラ　タカシ', '2', 100000, '2022-04-01'),
('1193442', 'ツキシマ　ワタル', '1', 5325, '2023-01-22'),
('1217756', 'ハマダ　サトシ', '1', 1399805, '2023-03-24'),
('1234161', 'クボデラ　ヨウイチ', '1', 941670, '2024-03-23'),
('1316990', 'モリモト　ハシヤ', '1', 450980, '2023-12-30'),
('1566705', 'スエナガ　アキコ', '1', 234164, '2024-01-31'),
('1804479', 'マツモト　ミワコ', '1', 53154, '2023-03-03'),
('1840675', 'サイトウ　モモコ', '1', 0, '2024-01-10'),
('1977301', 'エガワ　サトコ', '1', 5325, '2023-02-19'),
('2004456', 'カワムラ　タツヤ', '1', 500000, '2023-12-27'),
('2086041', 'セキグチ　ショウイチロウ', '1', 4397010, '2024-01-15'),
('2094113', 'ハシモト　リョウジ', '1', 3110990, '2024-02-25'),
('2226460', 'ホリ　ミツル', '1', 904620, '2024-02-02'),
('2234108', 'サカタ　リョウヘイ', '1', 1147913, '2023-02-14'),
('2316474', 'セキ　ショウタロウ', '3', 1064497, '2023-12-02'),
('2750902', 'コイズミ　マチコ', '1', 714166, '2024-03-24'),
('2761055', 'ワダ　アキヒコ', '1', 14190, '2024-01-21'),
('3104451', 'ナカジョウ　ヨシヒコ', '2', 8136406, '2024-03-13');

-- INSERT INTO 廃止口座
INSERT INTO 廃止口座 (口座番号, 名義, 種別, 解約時残高, 解約日) VALUES
('0051432', 'オダ　シンタロウ', '1', 41310, '2023-12-24'),
('0097310', 'サイトウ　モモコ', '1', 130040, '2022-06-25'),
('0945671', 'モリシタ　カズミ', '1', 0, '2022-12-18'),
('1017100', 'ソネ　タツヤ', '1', 0, '2022-11-08');

-- INSERT INTO 取引事由
INSERT INTO 取引事由 (取引事由ID, 取引事由) VALUES
(1, '預入'),
(2, '引出'),
(3, '振込'),
(4, '通帳記入'),
(5, '残高照会'),
(6, '手数料引落'),
(9, 'その他');

-- INSERT INTO 取引
-- 取引番号の取引事由IDは19になっているが、外部キーの縛りがあるので9にする
INSERT INTO 取引 (取引番号, 取引事由ID, 日付, 口座番号, 入金額, 出金額) VALUES
(1, 9, '2022-01-05', '0051432', NULL, 41310),
(2, 1, '2022-03-01', '1017119', 65000, NULL),
(3, 2, '2022-03-01', '1046990', NULL, 19000),
(4, 5, '2022-03-01', '0945671', NULL, NULL),
(5, 1, '2022-09-03', '0887132', 1000000, NULL),
(6, 1, '2022-12-10', '0887132', 1000000, NULL),
(7, 3, '2023-06-10', '0887132', 1000000, NULL),
(8, 2, '2023-11-26', '1017119', NULL, 200000),
(9, 1, '2023-12-10', '2086041', 1164047, NULL),
(10, 3, '2023-12-10', '0887132', 491000, NULL),
(11, 1, '2023-12-25', '0037651', 30000, NULL),
(12, 2, '2023-12-28', '1115600', NULL, 100000),
(13, 3, '2023-12-28', '1115600', NULL, 120000),
(14, 6, '2023-12-28', '1115600', NULL, 256),
(15, 3, '2023-12-28', '1115600', 31500, NULL),
(16, 1, '2024-01-05', '0311240', 100000, NULL),
(17, 1, '2024-01-11', '0351333', 50000, NULL),
(18, 3, '2024-01-11', '0351333', NULL, 12600),
(19, 6, '2024-01-11', '0351333', NULL, 128),
(20, 3, '2024-01-21', '1106405', 1714930, NULL),
(21, 1, '2024-02-01', '3104451', 100000, NULL),
(22, 2, '2024-02-25', '3104451', NULL, 60000),
(23, 4, '2024-02-28', '2750902', NULL, NULL),
(24, 3, '2024-03-13', '3104451', 807310, NULL),
(25, 2, '2024-03-13', '3104451', NULL, 55000),
(26, 3, '2024-03-13', '3104451', NULL, 15100),
(27, 2, '2024-03-20', '0311240', NULL, 36591),
(28, 2, '2024-03-23', '1234161', NULL, 30000),
(29, 1, '2024-03-23', '2750902', 50000, NULL);

-- INSERT INTO 商品
INSERT INTO 商品 (商品コード, 商品名, 単価, 商品区分, 関連商品コード) VALUES
('A0001', '秋のニットスカート', 3800, '1', NULL),
('A0052', '裏起毛パーカー', 2900, '1', NULL),
('A0100', '手編みのてぶくろ', 2500, '3', 'A0101'),
('A0101', '手編みのマフラー', 3900, '3', 'A0100'),
('A0500', '透かし編みカーディガン', 5800, '1', 'A0501'),
('A0501', '透かし編みニットスカート', 7800, '1', 'A0500'),
('A1055', '刺繍ワンピース', 4500, '1', NULL),
('A6788', 'ゆるふわカットソー', 2300, '1', NULL),
('B0001', '本革ショートブーツ', 6900, '2', NULL),
('B0102', 'やわらかロングブーツ', 12600, '2', NULL),
('B0113', 'イタリア製ビジネスシューズ', 63000, '2', NULL),
('B1350', '雨の日も安心防水ブーツ', 6150, '2', NULL),
('B2137', '歩きやすいストラップシューズ', 3500, '2', NULL),
('D6402', '吸湿速乾シャツ', 590, '1', NULL),
('F0190', 'アンティーク調長財布', 12600, '3', 'F0194'),
('F0191', 'イタリアンレザー長財布', 15000, '3', NULL),
('F0194', 'アンティーク調コインケース', 8800, '3', 'F0190'),
('M0085', '本革ビジネスバッグ', 13000, '3', NULL),
('M0122', 'ニットポシェット', 3300, '3', NULL),
('M0310', '3WAYななめがけバッグ', 5000, '3', NULL),
('N0119', 'マグカップ型スピーカー', 1350, '9', NULL),
('N8810', '赤ちゃん用肌着', 980, '9', NULL),
('N8990', 'マグネット（花）', 350, '9', NULL),
('N8991', 'マグネット（雪）', 350, '9', NULL),
('N8992', 'マグネット（月）', 350, '9', NULL),
('N9999', 'テストデータ', 99999, '9', NULL),
('S0017', '形状記憶ワイシャツ', 2900, '1', NULL),
('S0023', 'チュールのコサージュ', 550, '3', NULL),
('S0604', 'さらさらキャミソール', 1300, '1', NULL),
('S0740', '長め丈Tシャツ', 1500, '1', NULL),
('S1003', '綿のジャケット', 3800, '1', NULL),
('S1056', 'サマーロングスカート', 2800, '1', NULL),
('S1074', '水玉のワンピース', 2600, '1', NULL),
('W0012', 'ニットセーター', 3500, '1', NULL),
('W0156', 'あったかルームソックス', 800, '1', 'W0746'),
('W0746', 'あったかルームウェアセット', 3500, '1', 'W0156'),
('W0960', '毛皮のコート', 58000, '1', NULL),
('W1252', '薄くて軽いダウンジャケット', 5200, '1', NULL),
('Z2323', 'ハンカチ（水玉）', 300, '3', NULL),
('Z2324', 'ハンカチ（チェック）', 300, '3', NULL),
('Z3360', 'あったかタイツ', 500, '1', NULL),
('Z6511', '丈夫な靴下', 600, '1', NULL);

-- INSERT INTO 廃番商品
INSERT INTO 廃番商品 (商品コード, 商品名, 単価, 商品区分, 廃番日, 売上個数) VALUES
('A0009', '麻のパンツ', 7500, '1', '2023-08-31', 14),
('A0931', '時代遅れのジャケット', 7800, '1', '2010-07-05', 161),
('B0090', 'ヒール役のハイヒール', 8900, '2', '2022-12-01', 75),
('N0223', 'ばねのおもちゃ（きりん）', 630, '9', '2022-12-01', 88),
('N0501', 'ばねのおもちゃ（かもしか）', 630, '9', '2022-12-01', 55),
('N1021', 'ばねのおもちゃ（しまうま）', 630, '9', '2022-12-01', 65),
('S1990', 'ラップスカート', 6800, '1', '2023-02-10', 18),
('Z8980', 'ハンカチ（ペイズリー）', 300, '3', '2022-11-30', 56),
('Z8981', 'ハンカチ（しましま）', 400, '3', '2024-10-08', 5);


-- INSERT INTO 注文
INSERT INTO 注文 (注文日, 注文番号, 注文枝番, 商品コード, 数量, クーポン割引料) VALUES
('2022-04-12', '202204120003', 1, 'S0604', 1, NULL),
('2022-05-03', '202205030011', 1, 'S0604', 2, NULL),
('2022-07-07', '202207070005', 1, 'S0604', 5, 500),
('2022-07-21', '202207210022', 1, 'D6402', 2, NULL),
('2022-07-21', '202207210022', 2, 'N0223', 1, NULL),
('2022-08-01', '202208010493', 1, 'N0501', 1, NULL),
('2022-08-03', '202208030006', 1, 'A6788', 1, NULL),
('2022-08-12', '202208120047', 1, 'D6402', 3, NULL),
('2022-08-18', '202208180338', 1, 'N8810', 5, 150),
('2022-10-01', '202210010561', 1, 'N1021', 1, NULL),
('2023-04-02', '202304020841', 1, 'S0331', 1, NULL),
('2023-04-03', '202304030010', 1, 'M0310', 1, NULL),
('2023-04-03', '202304030010', 2, 'S1074', 1, NULL),
('2023-04-03', '202304030010', 3, 'A0009', 1, NULL),
('2023-06-06', '202306060061', 1, 'B1350', 1, 600),
('2023-06-18', '202306180180', 1, 'S0604', 10, 1000),
('2023-07-01', '202307010019', 1, 'A0009', 1, NULL),
('2023-08-08', '202308080013', 1, 'S0604', 3, NULL),
('2023-09-03', '202309030121', 1, 'B0001', 1, NULL),
('2023-09-09', '202309090008', 1, 'A0009', 1, NULL),
('2023-09-10', '202309100066', 1, 'A0009', 2, NULL),
('2023-09-15', '202309150031', 1, 'M0122', 1, NULL),
('2023-09-15', '202309150031', 2, 'W0746', 1, NULL),
('2023-09-23', '202309230045', 1, 'W0746', 2, NULL),
('2023-09-25', '202309250031', 1, 'A0001', 1, NULL),
('2023-09-25', '202309250046', 1, 'A0001', 1, 100),
('2023-10-01', '202310010171', 1, 'W0746', 1, NULL),
('2023-10-10', '202310100474', 1, 'A0500', 1, NULL),
('2023-10-15', '202310150061', 1, 'F0194', 1, NULL),
('2023-10-19', '202310190940', 1, 'W0461', 1, 1000),
('2023-10-22', '202310220047', 1, 'W0156', 3, 350),
('2023-10-30', '202310300045', 1, 'B2137', 1, NULL),
('2023-10-30', '202310300045', 2, 'W0156', 1, NULL),
('2023-10-30', '202310300045', 3, 'Z3360', 3, NULL),
('2023-11-02', '202311027410', 1, 'W0746', 1, 1000),
('2023-11-24', '202311240200', 1, 'Z2323', 150, NULL),
('2023-11-24', '202311240200', 2, 'Z6511', 150, NULL),
('2023-11-24', '202311241999', 1, 'M0122', 1, NULL),
('2023-11-24', '202311241999', 2, 'A1055', 1, NULL),
('2023-12-01', '202312010470', 1, 'B0102', 1, NULL),
('2023-12-01', '202312010505', 1, 'N8810', 3, NULL),
('2023-12-01', '202312120505', 2, 'N8990', 6, NULL),
('2023-12-05', '202312056101', 1, 'W0746', 1, 600),
('2023-12-12', '202312120008', 1, 'Z2324', 16, NULL),
('2023-12-12', '202312120009', 1, 'N0119', 1, NULL),
('2023-12-18', '202312180015', 1, 'N0223', 23, NULL),
('2023-12-18', '202312180054', 1, 'S0017', 2, 200),
('2023-12-31', '202312310011', 1, 'W1252', 1, NULL),
('2024-01-03', '202401030310', 1, 'Z6511', 2, NULL),
('2024-01-03', '202401030310', 2, 'W0012', 1, NULL),
('2024-01-10', '202401100015', 1, 'B0102', 1, 500),
('2024-01-13', '202401130115', 1, 'F0190', 1, 500),
('2024-01-13', '202401130115', 2, 'F0194', 1, 500),
('2024-01-13', '202401130115', 3, 'A1055', 1, 500),
('2024-02-25', '202402250126', 1, 'A0100', 1, NULL),
('2024-02-25', '202402250126', 2, 'W0156', 2, NULL),
('2024-03-01', '202403014050', 1, 'S0331', 1, NULL),
('2024-03-09', '202403090024', 1, 'S0331', 1, NULL),
('2024-03-09', '202403090024', 2, 'Z6511', 5, NULL),
('2024-03-09', '202403090024', 3, 'S0740', 1, NULL),
('2024-03-12', '202403120001', 1, 'W0012', 2, 200),
('2024-03-13', '202403130207', 1, 'D6402', 3, NULL),
('2024-03-14', '202403141004', 1, 'B0102', 1, NULL),
('2024-03-14', '202403141004', 2, 'Z6511', 3, 300),
('2024-03-15', '202403150014', 1, 'B0113', 1, NULL),
('2024-03-21', '202403210080', 1, 'M0310', 1, NULL),
('2024-03-22', '202403220901', 1, 'S0331', 1, NULL),
('2024-03-22', '202403220901', 2, 'A6788', 1, NULL);

-- INSERT INTO パーティー
INSERT INTO パーティー (ID, 名称, 職業コード, HP, MP, 状態コード) VALUES
('C01', 'ミナト', '01', 89, 35, '00'),
('C02', 'アサカ', '11', 74, 66, '00');

-- INSERT INTO イベントテーブル
INSERT INTO イベントテーブル (イベント番号, イベント名称, タイプ, 前提イベント番号, 後続イベント番号) VALUES
(1, 'オープニング', '1', NULL, 3),
(2, 'オープニング（2週目以降）', '3', NULL, 3),
(3, '勇者の旅立ち', '1', NULL, 4),
(4, '初めての仲間', '1', 3, 5),
(5, '盗賊ダンシーを追え！', '1', 4, 7),
(6, '宝石の洞窟', '2', NULL, NULL),
(7, 'イガヤの町の秘密', '1', 5, 9),
(8, '妖精の森の下で', '2', NULL, NULL),
(9, '潜入！バクロック城', '1', 7, 10),
(10, '師との出会い', '1', 9, 12),
(11, '隠れ里ボウジーン', '2', NULL, NULL),
(12, 'ドウンブリッジの戦い', '1', 10, 15),
(13, '名誉を賭して', '2', NULL, 18),
(14, 'ナボーリ火山と三つの島', '2', NULL, NULL),
(15, '水の洞窟に潜むもの', '1', 12, 17),
(16, '盗賊ダンシーの依頼', '2', 5, NULL),
(17, '封印の町ノザ', '1', 15, 22),
(18, '聖騎士の涙', '2', 13, NULL),
(19, '賢者の婚姻', '2', 17, NULL),
(20, '王位継承者の帰郷', '2', 17, NULL),
(21, '新大陸の魔女', '2', 17, NULL),
(22, 'それぞれの願いのために', '1', 17, 23),
(23, '最終決戦', '1', 22, 24),
(24, 'そして世界のはじまりに', '1', 23, NULL),
(25, 'エンディング', '1', 24, NULL),
(26, 'エンディング（2週目以降）', '3', 24, NULL);

-- INSERT INTO 経験イベント
INSERT INTO 経験イベント (イベント番号, クリア区分, クリア結果, ルート番号) VALUES
(1, '1', 'A', 1),
(3, '1', 'B', 2),
(4, '1', 'A', 3),
(5, '1', 'B', 4),
(6, '1', 'C', 5),
(7, '1', 'B', 6),
(9, '0', NULL, NULL);

-- INSERT INTO コード
-- (1, '14', '魔剣士'), が重複しているので修正
INSERT INTO コード (コード種別, コード値, コード名称) VALUES
(1, '01', '勇者'),
(1, '10', '戦士'),
(1, '11', '武道家'),
(1, '12', '忍者'),
(1, '13', '聖騎士'),
(1, '14', '竜騎士'),
(1, '15', '魔剣士'),
(1, '20', '魔法使い'),
(1, '21', '学者'),
(1, '22', '僧侶'),
(1, '23', '賢者'),
(1, '24', '踊り子'),
(1, '25', '吟遊詩人'),
(2, '00', '異常なし'),
(2, '01', '眠り'),
(2, '02', '毒'),
(2, '03', '沈黙'),
(2, '04', '混乱'),
(2, '09', '気絶'),
(3, '01', '強制'),
(3, '02', 'フリー'),
(3, '03', '特殊'),
(4, 'A', 'たいへんよくできました'),
(4, 'B', 'よくできました'),
(4, 'C', 'もう少し頑張りましょう'),
(4, 'X', '判定不能');
