USE drill;

-- 初期化（テーブルのデータを削除）
SET FOREIGN_KEY_CHECKS = 0; -- 外部キー制約を一時無効化

TRUNCATE TABLE 商品;
TRUNCATE TABLE 廃番商品;
TRUNCATE TABLE 注文;

SET FOREIGN_KEY_CHECKS = 1; -- 外部キー制約を再有効化


-- INSERT INTO 商品
INSERT INTO 商品 (商品コード, 商品名, 単価, 商品区分, 関連商品コード) VALUES
('A0001', '秋のニットスカート', 3800, '1', NULL),
('A0052', '裏起毛パーカー', 2900, '1', NULL),
('A0100', '手編みのてぶくろ', 2500, '3', 'A0101'),
('A0101', '手編みのマフラー', 3900, '3', 'A0100'),
('A0500', '透かし編みカーディガン', 5800, '1', 'A0501'),
('A0501', '透かし編みニットスカート', 7800, '1', 'A0500'),
('A1055', '刺繍ワンピース', 4500, '1', NULL),
('A6788', 'ゆるふわカットソー', 2300, '1', NULL),
('B0001', '本革ショートブーツ', 6900, '2', NULL),
('B0102', 'やわらかロングブーツ', 12600, '2', NULL),
('B0113', 'イタリア製ビジネスシューズ', 63000, '2', NULL),
('B1350', '雨の日も安心防水ブーツ', 6150, '2', NULL),
('B2137', '歩きやすいストラップシューズ', 3500, '2', NULL),
('D6402', '吸湿速乾シャツ', 590, '1', NULL),
('F0190', 'アンティーク調長財布', 12600, '3', 'F0194'),
('F0191', 'イタリアンレザー長財布', 15000, '3', NULL),
('F0194', 'アンティーク調コインケース', 8800, '3', 'F0190'),
('M0085', '本革ビジネスバッグ', 13000, '3', NULL),
('M0122', 'ニットポシェット', 3300, '3', NULL),
('M0310', '3WAYななめがけバッグ', 5000, '3', NULL),
('N0119', 'マグカップ型スピーカー', 1350, '9', NULL),
('N8810', '赤ちゃん用肌着', 980, '9', NULL),
('N8990', 'マグネット（花）', 350, '9', NULL),
('N8991', 'マグネット（雪）', 350, '9', NULL),
('N8992', 'マグネット（月）', 350, '9', NULL),
('N9999', 'テストデータ', 99999, '9', NULL),
('S0017', '形状記憶ワイシャツ', 2900, '1', NULL),
('S0023', 'チュールのコサージュ', 550, '3', NULL),
('S0604', 'さらさらキャミソール', 1300, '1', NULL),
('S0740', '長め丈Tシャツ', 1500, '1', NULL),
('S1003', '綿のジャケット', 3800, '1', NULL),
('S1056', 'サマーロングスカート', 2800, '1', NULL),
('S1074', '水玉のワンピース', 2600, '1', NULL),
('W0012', 'ニットセーター', 3500, '1', NULL),
('W0156', 'あったかルームソックス', 800, '1', 'W0746'),
('W0746', 'あったかルームウェアセット', 3500, '1', 'W0156'),
('W0960', '毛皮のコート', 58000, '1', NULL),
('W1252', '薄くて軽いダウンジャケット', 5200, '1', NULL),
('Z2323', 'ハンカチ（水玉）', 300, '3', NULL),
('Z2324', 'ハンカチ（チェック）', 300, '3', NULL),
('Z3360', 'あったかタイツ', 500, '1', NULL),
('Z6511', '丈夫な靴下', 600, '1', NULL);

-- INSERT INTO 廃番商品
INSERT INTO 廃番商品 (商品コード, 商品名, 単価, 商品区分, 廃番日, 売上個数) VALUES
('A0009', '麻のパンツ', 7500, '1', '2023-08-31', 14),
('A0931', '時代遅れのジャケット', 7800, '1', '2010-07-05', 161),
('B0090', 'ヒール役のハイヒール', 8900, '2', '2022-12-01', 75),
('N0223', 'ばねのおもちゃ（きりん）', 630, '9', '2022-12-01', 88),
('N0501', 'ばねのおもちゃ（かもしか）', 630, '9', '2022-12-01', 55),
('N1021', 'ばねのおもちゃ（しまうま）', 630, '9', '2022-12-01', 65),
('S1990', 'ラップスカート', 6800, '1', '2023-02-10', 18),
('Z8980', 'ハンカチ（ペイズリー）', 300, '3', '2022-11-30', 56),
('Z8981', 'ハンカチ（しましま）', 400, '3', '2024-10-08', 5);


-- INSERT INTO 注文
INSERT INTO 注文 (注文日, 注文番号, 注文枝番, 商品コード, 数量, クーポン割引料) VALUES
('2022-04-12', '202204120003', 1, 'S0604', 1, NULL),
('2022-05-03', '202205030011', 1, 'S0604', 2, NULL),
('2022-07-07', '202207070005', 1, 'S0604', 5, 500),
('2022-07-21', '202207210022', 1, 'D6402', 2, NULL),
('2022-07-21', '202207210022', 2, 'N0223', 1, NULL),
('2022-08-01', '202208010493', 1, 'N0501', 1, NULL),
('2022-08-03', '202208030006', 1, 'A6788', 1, NULL),
('2022-08-12', '202208120047', 1, 'D6402', 3, NULL),
('2022-08-18', '202208180338', 1, 'N8810', 5, 150),
('2022-10-01', '202210010561', 1, 'N1021', 1, NULL),
('2023-04-02', '202304020841', 1, 'S0331', 1, NULL),
('2023-04-03', '202304030010', 1, 'M0310', 1, NULL),
('2023-04-03', '202304030010', 2, 'S1074', 1, NULL),
('2023-04-03', '202304030010', 3, 'A0009', 1, NULL),
('2023-06-06', '202306060061', 1, 'B1350', 1, 600),
('2023-06-18', '202306180180', 1, 'S0604', 10, 1000),
('2023-07-01', '202307010019', 1, 'A0009', 1, NULL),
('2023-08-08', '202308080013', 1, 'S0604', 3, NULL),
('2023-09-03', '202309030121', 1, 'B0001', 1, NULL),
('2023-09-09', '202309090008', 1, 'A0009', 1, NULL),
('2023-09-10', '202309100066', 1, 'A0009', 2, NULL),
('2023-09-15', '202309150031', 1, 'M0122', 1, NULL),
('2023-09-15', '202309150031', 2, 'W0746', 1, NULL),
('2023-09-23', '202309230045', 1, 'W0746', 2, NULL),
('2023-09-25', '202309250031', 1, 'A0001', 1, NULL),
('2023-09-25', '202309250046', 1, 'A0001', 1, 100),
('2023-10-01', '202310010171', 1, 'W0746', 1, NULL),
('2023-10-10', '202310100474', 1, 'A0500', 1, NULL),
('2023-10-15', '202310150061', 1, 'F0194', 1, NULL),
('2023-10-19', '202310190940', 1, 'W0461', 1, 1000),
('2023-10-22', '202310220047', 1, 'W0156', 3, 350),
('2023-10-30', '202310300045', 1, 'B2137', 1, NULL),
('2023-10-30', '202310300045', 2, 'W0156', 1, NULL),
('2023-10-30', '202310300045', 3, 'Z3360', 3, NULL),
('2023-11-02', '202311027410', 1, 'W0746', 1, 1000),
('2023-11-24', '202311240200', 1, 'Z2323', 150, NULL),
('2023-11-24', '202311240200', 2, 'Z6511', 150, NULL),
('2023-11-24', '202311241999', 1, 'M0122', 1, NULL),
('2023-11-24', '202311241999', 2, 'A1055', 1, NULL),
('2023-12-01', '202312010470', 1, 'B0102', 1, NULL),
('2023-12-01', '202312010505', 1, 'N8810', 3, NULL),
('2023-12-01', '202312120505', 2, 'N8990', 6, NULL),
('2023-12-05', '202312056101', 1, 'W0746', 1, 600),
('2023-12-12', '202312120008', 1, 'Z2324', 16, NULL),
('2023-12-12', '202312120009', 1, 'N0119', 1, NULL),
('2023-12-18', '202312180015', 1, 'N0223', 23, NULL),
('2023-12-18', '202312180054', 1, 'S0017', 2, 200),
('2023-12-31', '202312310011', 1, 'W1252', 1, NULL),
('2024-01-03', '202401030310', 1, 'Z6511', 2, NULL),
('2024-01-03', '202401030310', 2, 'W0012', 1, NULL),
('2024-01-10', '202401100015', 1, 'B0102', 1, 500),
('2024-01-13', '202401130115', 1, 'F0190', 1, 500),
('2024-01-13', '202401130115', 2, 'F0194', 1, 500),
('2024-01-13', '202401130115', 3, 'A1055', 1, 500),
('2024-02-25', '202402250126', 1, 'A0100', 1, NULL),
('2024-02-25', '202402250126', 2, 'W0156', 2, NULL),
('2024-03-01', '202403014050', 1, 'S0331', 1, NULL),
('2024-03-09', '202403090024', 1, 'S0331', 1, NULL),
('2024-03-09', '202403090024', 2, 'Z6511', 5, NULL),
('2024-03-09', '202403090024', 3, 'S0740', 1, NULL),
('2024-03-12', '202403120001', 1, 'W0012', 2, 200),
('2024-03-13', '202403130207', 1, 'D6402', 3, NULL),
('2024-03-14', '202403141004', 1, 'B0102', 1, NULL),
('2024-03-14', '202403141004', 2, 'Z6511', 3, 300),
('2024-03-15', '202403150014', 1, 'B0113', 1, NULL),
('2024-03-21', '202403210080', 1, 'M0310', 1, NULL),
('2024-03-22', '202403220901', 1, 'S0331', 1, NULL),
('2024-03-22', '202403220901', 2, 'A6788', 1, NULL);

