USE drill;

-- 初期化（テーブルのデータを削除）
SET FOREIGN_KEY_CHECKS = 0; -- 外部キー制約を一時無効化

TRUNCATE TABLE 口座;
TRUNCATE TABLE 廃止口座;
TRUNCATE TABLE 取引;
TRUNCATE TABLE 取引事由;

SET FOREIGN_KEY_CHECKS = 1; -- 外部キー制約を再有効化


-- INSERT INTO 口座
INSERT INTO 口座 (口座番号, 名義, 種別, 残高, 更新日) VALUES
('0037651', 'キタムラ　ユウコ', '1', 1341107, '2024-01-03'),
('0100807', 'アキタ　サトル', '3', 10000, '2022-11-30'),
('0311240', 'キムラ　タエ', '1', 63409, '2024-03-20'),
('0351333', 'アイダ　ミユ', '1', 367911, '2024-01-06'),
('0671412', 'タムラ　タカシ', '1', 678044, NULL),
('0887132', 'スギノ　ノリヨ', '1', 3491000, '2024-03-11'),
('0976410', 'タムラ　タカシ', '1', 9803, '2022-08-30'),
('1016840', 'オカダ　トシロウ', '2', 0, '2023-11-13'),
('1017119', 'ソネ　タツヤ', '1', 265000, '2023-11-26'),
('1046990', 'ツヅキ　ジュンヤ', '1', 378911, '2022-03-01'),
('1106405', 'センカワ　シゲル', '2', 5310840, '2024-03-24'),
('1115600', 'カガ　アキヨ', '1', 500000, '2023-12-28'),
('1170894', 'タムラ　タカシ', '2', 100000, '2022-04-01'),
('1193442', 'ツキシマ　ワタル', '1', 5325, '2023-01-22'),
('1217756', 'ハマダ　サトシ', '1', 1399805, '2023-03-24'),
('1234161', 'クボデラ　ヨウイチ', '1', 941670, '2024-03-23'),
('1316990', 'モリモト　ハシヤ', '1', 450980, '2023-12-30'),
('1566705', 'スエナガ　アキコ', '1', 234164, '2024-01-31'),
('1804479', 'マツモト　ミワコ', '1', 53154, '2023-03-03'),
('1840675', 'サイトウ　モモコ', '1', 0, '2024-01-10'),
('1977301', 'エガワ　サトコ', '1', 5325, '2023-02-19'),
('2004456', 'カワムラ　タツヤ', '1', 500000, '2023-12-27'),
('2086041', 'セキグチ　ショウイチロウ', '1', 4397010, '2024-01-15'),
('2094113', 'ハシモト　リョウジ', '1', 3110990, '2024-02-25'),
('2226460', 'ホリ　ミツル', '1', 904620, '2024-02-02'),
('2234108', 'サカタ　リョウヘイ', '1', 1147913, '2023-02-14'),
('2316474', 'セキ　ショウタロウ', '3', 1064497, '2023-12-02'),
('2750902', 'コイズミ　マチコ', '1', 714166, '2024-03-24'),
('2761055', 'ワダ　アキヒコ', '1', 14190, '2024-01-21'),
('3104451', 'ナカジョウ　ヨシヒコ', '2', 8136406, '2024-03-13');

-- INSERT INTO 廃止口座
INSERT INTO 廃止口座 (口座番号, 名義, 種別, 解約時残高, 解約日) VALUES
('0051432', 'オダ　シンタロウ', '1', 41310, '2023-12-24'),
('0097310', 'サイトウ　モモコ', '1', 130040, '2022-06-25'),
('0945671', 'モリシタ　カズミ', '1', 0, '2022-12-18'),
('1017100', 'ソネ　タツヤ', '1', 0, '2022-11-08');

-- INSERT INTO 取引事由
INSERT INTO 取引事由 (取引事由ID, 取引事由名) VALUES
(1, '預入'),
(2, '引出'),
(3, '振込'),
(4, '通帳記入'),
(5, '残高照会'),
(6, '手数料引落'),
(9, 'その他');

-- INSERT INTO 取引
-- 取引番号の取引事由IDは19になっているが、外部キーの縛りがあるので9にする
INSERT INTO 取引 (取引番号, 取引事由ID, 日付, 口座番号, 入金額, 出金額) VALUES
(1, 19, '2022-01-05', '0051432', NULL, 41310),
(2, 1, '2022-03-01', '1017119', 65000, NULL),
(3, 2, '2022-03-01', '1046990', NULL, 19000),
(4, 5, '2022-03-01', '0945671', NULL, NULL),
(5, 1, '2022-09-03', '0887132', 1000000, NULL),
(6, 1, '2022-12-10', '0887132', 1000000, NULL),
(7, 3, '2023-06-10', '0887132', 1000000, NULL),
(8, 2, '2023-11-26', '1017119', NULL, 200000),
(9, 1, '2023-12-10', '2086041', 1164047, NULL),
(10, 3, '2023-12-10', '0887132', 491000, NULL),
(11, 1, '2023-12-25', '0037651', 30000, NULL),
(12, 2, '2023-12-28', '1115600', NULL, 100000),
(13, 3, '2023-12-28', '1115600', NULL, 120000),
(14, 6, '2023-12-28', '1115600', NULL, 256),
(15, 3, '2023-12-28', '1115600', 31500, NULL),
(16, 1, '2024-01-05', '0311240', 100000, NULL),
(17, 1, '2024-01-11', '0351333', 50000, NULL),
(18, 3, '2024-01-11', '0351333', NULL, 12600),
(19, 6, '2024-01-11', '0351333', NULL, 128),
(20, 3, '2024-01-21', '1106405', 1714930, NULL),
(21, 1, '2024-02-01', '3104451', 100000, NULL),
(22, 2, '2024-02-25', '3104451', NULL, 60000),
(23, 4, '2024-02-28', '2750902', NULL, NULL),
(24, 3, '2024-03-13', '3104451', 807310, NULL),
(25, 2, '2024-03-13', '3104451', NULL, 55000),
(26, 3, '2024-03-13', '3104451', NULL, 15100),
(27, 2, '2024-03-20', '0311240', NULL, 36591),
(28, 2, '2024-03-23', '1234161', NULL, 30000),
(29, 1, '2024-03-23', '2750902', 50000, NULL);
